SHEET NUMBER,SHEET NAME,DISCIPLINE NAME LOOKUP,DESIGNATOR,SHEET TYPE,SEPARATOR,SHEET TYPE LOOKUP,SHEET NAME MODIFIER,LEVEL,SEPARATOR2,SEQUENCE NUMBER,Designator Code,
CS0-01,COVERSHEET,COVER SHEET,CS,0,-,"SYMBOL LEGEND, ABBREVIATIONS, GENERAL NOTES, SPECIFICATIONS",COVERSHEET,,0,1,0,
G0-01,"ABBREVIATIONS, ADA, GENERAL NOTES, FIRE MARSHAL NOTES",GENERAL,G,0,-,"SYMBOL LEGEND, ABBREVIATIONS, GENERAL NOTES, SPECIFICATIONS","ABBREVIATIONS, ADA, GENERAL NOTES, FIRE MARSHAL NOTES",,0,1,10,
G0-02,"TAS, ADA SPECIFICATIONS & DETAILS",GENERAL,G,0,-,"SYMBOL LEGEND, ABBREVIATIONS, GENERAL NOTES, SPECIFICATIONS","TAS, ADA SPECIFICATIONS & DETAILS",,0,2,10,
G1-101,LIFE SAFETY PLAN,GENERAL,G,1,-,PLANS,LIFE SAFETY PLAN,1,0,1,11,
A1-101,DIMENSION PLAN - FLOOR,ARCHITECTURAL,A,1,-,PLANS,DIMENSION PLAN - FLOOR,1,0,1,81,
A1-102,DIMENSION PLAN - REFLECTED CEILING,ARCHITECTURAL,A,1,-,PLANS,DIMENSION PLAN - REFLECTED CEILING,1,0,2,81,
A1-103,DIMENSION PLAN - ROOF,ARCHITECTURAL,A,1,-,PLANS,DIMENSION PLAN - ROOF,1,0,3,81,
A1-104,CONSTRUCTION PLAN - FLOOR,ARCHITECTURAL,A,1,-,PLANS,CONSTRUCTION PLAN - FLOOR,1,0,4,81,
A1-105,CONSTRUCTION PLAN - REFLECTED CEILING,ARCHITECTURAL,A,1,-,PLANS,CONSTRUCTION PLAN - REFLECTED CEILING,1,0,5,81,
A1-106,CONSTRUCTION PLAN - ROOF,ARCHITECTURAL,A,1,-,PLANS,CONSTRUCTION PLAN - ROOF,1,0,6,81,
A1-107,CONSTRUCTION PLAN - GAS CANOPY,ARCHITECTURAL,A,1,-,PLANS,CONSTRUCTION PLAN - GAS CANOPY,1,0,7,81,
A1-108,FINISH PLAN - FLOOR,ARCHITECTURAL,A,1,-,PLANS,FINISH PLAN - FLOOR,1,0,8,81,
A1-109,FINISH PLAN - REFLECTED CEILING PLAN,ARCHITECTURAL,A,1,-,PLANS,FINISH PLAN - REFLECTED CEILING PLAN,1,0,9,81,
A2-01,ELEVATIONS - EXTERIOR,ARCHITECTURAL,A,2,-,ELEVATIONS,ELEVATIONS - EXTERIOR,,0,1,82,
A2-02,ELEVATIONS - EXTERIOR,ARCHITECTURAL,A,2,-,ELEVATIONS,ELEVATIONS - EXTERIOR,,0,2,82,
A3-01,SECTIONS - BUILDING,ARCHITECTURAL,A,3,-,SECTIONS,SECTIONS - BUILDING,,0,1,83,
A3-02,SECTIONS - BUILDING,ARCHITECTURAL,A,3,-,SECTIONS,SECTIONS - BUILDING,,0,2,83,
A3-03,SECTIONS - WALL,ARCHITECTURAL,A,3,-,SECTIONS,SECTIONS - WALL,,0,3,83,
A3-04,SECTIONS - WALL,ARCHITECTURAL,A,3,-,SECTIONS,SECTIONS - WALL,,0,4,83,
A4-01,"ENLARGED PLANS, ELEVATIONS, SECTIONS",ARCHITECTURAL,A,4,-,"ENLARGED PLANS, ELEVATIONS, SECTIONS",,,0,1,84,
A4-02,"ENLARGED PLANS, ELEVATIONS, SECTIONS",ARCHITECTURAL,A,4,-,"ENLARGED PLANS, ELEVATIONS, SECTIONS",,,0,2,84,
A5-01,DETAILS - CONSTRUCTION,ARCHITECTURAL,A,5,-,DETAILS,DETAILS - CONSTRUCTION,,0,1,85,
A5-02,DETAILS - CONSTRUCTION,ARCHITECTURAL,A,5,-,DETAILS,DETAILS - CONSTRUCTION,,0,2,85,
A6-01,SCHEDULES AND DETAILS - DOOR,ARCHITECTURAL,A,6,-,SCHEDULES AND DIAGRAMS,SCHEDULES AND DETAILS - DOOR,,0,1,86,
A6-02,SCHEDULES AND DETAILS - WINDOW,ARCHITECTURAL,A,6,-,SCHEDULES AND DIAGRAMS,SCHEDULES AND DETAILS - WINDOW,,0,2,86,
I2-01,ELEVATIONS - INTERIOR,INTERIORS,I,2,-,ELEVATIONS,ELEVATIONS - INTERIOR,,0,1,92,
I2-02,ELEVATIONS - INTERIOR,INTERIORS,I,2,-,ELEVATIONS,ELEVATIONS - INTERIOR,,0,2,92,
I2-03,ELEVATIONS - INTERIOR,INTERIORS,I,2,-,ELEVATIONS,ELEVATIONS - INTERIOR,,0,3,92,
I2-04,ELEVATIONS - INTERIOR,INTERIORS,I,2,-,ELEVATIONS,ELEVATIONS - INTERIOR,,0,4,92,
Q1-01,PLAN - EQUIPMENT,EQUIPMENT,Q,1,-,PLANS,PLAN - EQUIPMENT,,0,1,101,
Q6-01,SCHEDULES - EQUIPMENT,EQUIPMENT,Q,6,-,SCHEDULES AND DIAGRAMS,SCHEDULES - EQUIPMENT,,0,1,106,
S0-01,"SYMBOL LEGEND, ABBREVIATIONS, GENERAL NOTES, SPECIFICATIONS",STRUCTURAL,S,0,-,"SYMBOL LEGEND, ABBREVIATIONS, GENERAL NOTES, SPECIFICATIONS",,,0,1,70,
S0-02,DESIGN CRITERIA,STRUCTURAL,S,0,-,"SYMBOL LEGEND, ABBREVIATIONS, GENERAL NOTES, SPECIFICATIONS",DESIGN CRITERIA,,0,2,70,
S1-01,CONSTRUCTION PLAN - FOUNDATIONS,STRUCTURAL,S,1,-,PLANS,CONSTRUCTION PLAN - FOUNDATIONS,,0,1,71,
S1-02,FRAMING PLAN - FLOOR,STRUCTURAL,S,1,-,PLANS,FRAMING PLAN - FLOOR,,0,2,71,
S1-03,FRAMING PLAN - ROOF,STRUCTURAL,S,1,-,PLANS,FRAMING PLAN - ROOF,,0,3,71,
S1-04,FRAMING PLAN - CANOPY,STRUCTURAL,S,1,-,PLANS,FRAMING PLAN - CANOPY,,0,4,71,
S3-01,SECTION - CANOPY,STRUCTURAL,S,3,-,SECTIONS,SECTION - CANOPY,,0,1,73,
S3-02,SECTION - CANOPY,STRUCTURAL,S,3,-,SECTIONS,SECTION - CANOPY,,0,2,73,
S5-01,DETAILS - CANOPY FRAMING,STRUCTURAL,S,5,-,DETAILS,DETAILS - CANOPY FRAMING,,0,1,75,
S5-02,DETAILS - X BRACING DETAILS,STRUCTURAL,S,5,-,DETAILS,DETAILS - X BRACING DETAILS,,0,2,75,
M0-01,"SYMBOL LEGEND, ABBREVIATIONS, GENERAL NOTES, SPECIFICATIONS",MECHANICAL,M,0,-,"SYMBOL LEGEND, ABBREVIATIONS, GENERAL NOTES, SPECIFICATIONS",,,0,1,140,
M1-101,MECHANICAL PLAN - FLOOR,MECHANICAL,M,1,-,PLANS,MECHANICAL PLAN - FLOOR,1,0,1,141,
M1-102,MECHANICAL PLAN - ROOF,MECHANICAL,M,1,-,PLANS,MECHANICAL PLAN - ROOF,1,0,2,141,
M5-01,DETAILS - MECHANICAL,MECHANICAL,M,5,-,DETAILS,DETAILS - MECHANICAL,,0,1,145,
M5-02,DETAILS - MECHANICAL,MECHANICAL,M,5,-,DETAILS,DETAILS - MECHANICAL,,0,2,145,
M6-01,SCHEDULES - MECHANICAL,MECHANICAL,M,6,-,SCHEDULES AND DIAGRAMS,SCHEDULES - MECHANICAL,,0,1,146,
P0-01,"SYMBOL LEGEND, ABBREVIATIONS, GENERAL NOTES, SPECIFICATIONS",PLUMBING,P,0,-,"SYMBOL LEGEND, ABBREVIATIONS, GENERAL NOTES, SPECIFICATIONS",,,0,1,120,
P1-101,PLUMBING PLAN - DOMESTIC WATER - FLOOR,PLUMBING,P,1,-,PLANS,PLUMBING PLAN - DOMESTIC WATER - FLOOR,1,0,1,121,
P1-102,PLUMBING PLAN - WASTE - FLOOR,PLUMBING,P,1,-,PLANS,PLUMBING PLAN - WASTE - FLOOR,1,0,2,121,
P1-103,PLUMBING PLAN - ROOF,PLUMBING,P,1,-,PLANS,PLUMBING PLAN - ROOF,1,0,3,121,
P1-104,PLUMBING PLAN - RISER,PLUMBING,P,1,-,PLANS,PLUMBING PLAN - RISER,1,0,4,121,
P5-01,DETAILS - PLUMBING,PLUMBING,P,5,-,DETAILS,DETAILS - PLUMBING,,0,1,125,
P5-02,DETAILS - PLUMBING,PLUMBING,P,5,-,DETAILS,DETAILS - PLUMBING,,0,2,125,
E0-01,"SYMBOL LEGEND, ABBREVIATIONS, GENERAL NOTES, SPECIFICATIONS",ELECTRICAL,E,0,-,"SYMBOL LEGEND, ABBREVIATIONS, GENERAL NOTES, SPECIFICATIONS",,,0,1,150,
E0-02,ELECTRICAL DIAGRAM AND CALCULATIONS,ELECTRICAL,E,0,-,"SYMBOL LEGEND, ABBREVIATIONS, GENERAL NOTES, SPECIFICATIONS",ELECTRICAL DIAGRAM AND CALCULATIONS,,0,2,150,
E1-01,ELECTRICAL PLAN - LIGHTING,ELECTRICAL,E,1,-,PLANS,ELECTRICAL PLAN - LIGHTING,,0,1,151,
E1-02,ELECTRICAL PLAN - POWER,ELECTRICAL,E,1,-,PLANS,ELECTRICAL PLAN - POWER,,0,2,151,
E1-03,ELECTRICAL PLAN - POWER - ROOF,ELECTRICAL,E,1,-,PLANS,ELECTRICAL PLAN - POWER - ROOF,,0,3,151,
E1-04,ELECTRICAL PLAN - SITE,ELECTRICAL,E,1,-,PLANS,ELECTRICAL PLAN - SITE,,0,4,151,
E6-01,ELECTRICAL PANEL SCHEDULES,ELECTRICAL,E,6,-,SCHEDULES AND DIAGRAMS,ELECTRICAL PANEL SCHEDULES,,0,1,156,
